--
-- PostgreSQL database dump
--

SET statement_timeout = 0;
SET client_encoding = 'UTF8';
SET standard_conforming_strings = on;
SET check_function_bodies = false;
SET client_min_messages = warning;

SET search_path = public, pg_catalog;

--
-- Data for Name: currencies; Type: TABLE DATA; Schema: public; Owner: kulak
--

COPY currencies (id, currency_name) FROM stdin;
PLN	PLN
CHF	CHF
GBP	GBP
EUR	EUR
AUD	AUD
USD	USD
JPY	JPY
SEK	SEK
HUF	HUF
RUB	RUB
CAD	CAD
CZK	CZK
NOK	NOK
DKK	DKK
\.


--
-- Data for Name: currency_exchangers; Type: TABLE DATA; Schema: public; Owner: kulak
--

COPY currency_exchangers (id, exchanger_name) FROM stdin;
ALI	Alior
TRU	TrueFX
\.


--
-- Data for Name: financial_instruments; Type: TABLE DATA; Schema: public; Owner: kulak
--

COPY financial_instruments (id, currency_1_id, currency_2_id, exchanger_id) FROM stdin;
ALIPLNCHF	PLN	CHF	ALI
ALICHFPLN	CHF	PLN	ALI
ALIGBPEUR	GBP	EUR	ALI
ALIEURGBP	EUR	GBP	ALI
ALIPLNAUD	PLN	AUD	ALI
ALIAUDPLN	AUD	PLN	ALI
ALIPLNGBP	PLN	GBP	ALI
ALIGBPPLN	GBP	PLN	ALI
ALICHFUSD	CHF	USD	ALI
ALIUSDCHF	USD	CHF	ALI
ALICHFEUR	CHF	EUR	ALI
ALIEURCHF	EUR	CHF	ALI
ALIUSDEUR	USD	EUR	ALI
ALIEURUSD	EUR	USD	ALI
ALIPLNJPY	PLN	JPY	ALI
ALIJPYPLN	JPY	PLN	ALI
ALIPLNSEK	PLN	SEK	ALI
ALISEKPLN	SEK	PLN	ALI
ALIPLNHUF	PLN	HUF	ALI
ALIHUFPLN	HUF	PLN	ALI
ALIPLNRUB	PLN	RUB	ALI
ALIRUBPLN	RUB	PLN	ALI
ALICHFGBP	CHF	GBP	ALI
ALIGBPCHF	GBP	CHF	ALI
ALIUSDGBP	USD	GBP	ALI
ALIGBPUSD	GBP	USD	ALI
ALIPLNCAD	PLN	CAD	ALI
ALICADPLN	CAD	PLN	ALI
ALIPLNUSD	PLN	USD	ALI
ALIUSDPLN	USD	PLN	ALI
ALIPLNCZK	PLN	CZK	ALI
ALICZKPLN	CZK	PLN	ALI
ALIPLNNOK	PLN	NOK	ALI
ALINOKPLN	NOK	PLN	ALI
ALIPLNDKK	PLN	DKK	ALI
ALIDKKPLN	DKK	PLN	ALI
ALIPLNEUR	PLN	EUR	ALI
ALIEURPLN	EUR	PLN	ALI
TRUCHFJPY	CHF	JPY	TRU
TRUJPYCHF	JPY	CHF	TRU
TRUEURCHF	EUR	CHF	TRU
TRUCHFEUR	CHF	EUR	TRU
TRUEURGBP	EUR	GBP	TRU
TRUGBPEUR	GBP	EUR	TRU
TRUEURJPY	EUR	JPY	TRU
TRUJPYEUR	JPY	EUR	TRU
TRUEURUSD	EUR	USD	TRU
TRUUSDEUR	USD	EUR	TRU
TRUGBPJPY	GBP	JPY	TRU
TRUJPYGBP	JPY	GBP	TRU
TRUGBPUSD	GBP	USD	TRU
TRUUSDGBP	USD	GBP	TRU
TRUUSDCHF	USD	CHF	TRU
TRUCHFUSD	CHF	USD	TRU
TRUUSDJPY	USD	JPY	TRU
TRUJPYUSD	JPY	USD	TRU
\.


